Abyssal Cry,Abyssal Cry
Word of Blades,Word of Blades
Edict of Blades,Edict of Blades
Decree of Blades,Decree of Blades
Commandment of Blades,Commandment of Blades
Word of Flames,Word of Flames
Edict of Flames,Edict of Flames
Decree of Flames,Decree of Flames
Commandment of Flames,Commandment of Flames
Word of Force,Word of Force
Edict of Force,Edict of Force
Decree of Force,Decree of Force
Commandment of Force,Commandment of Force
Word of Frost,Word of Frost
Edict of Frost,Edict of Frost
Decree of Frost,Decree of Frost
Commandment of Frost,Commandment of Frost
Word of Fury,Word of Fury
Edict of Fury,Edict of Fury
Decree of Fury,Decree of Fury
Commandment of Fury,Commandment of Fury
Word of Inferno,Word of Inferno
Edict of Inferno,Edict of Inferno
Decree of Inferno,Decree of Inferno
Commandment of Inferno,Commandment of Inferno
Word of Ire,Word of Ire
Edict of Ire,Edict of Ire
Decree of Ire,Decree of Ire
Commandment of Ire,Commandment of Ire
Word of Light,Word of Light
Edict of Light,Edict of Light
Decree of Light,Decree of Light
Commandment of Light,Commandment of Light
Word of Reflection,Word of Reflection
Edict of Reflection,Edict of Reflection
Decree of Reflection,Decree of Reflection
Commandment of Reflection,Commandment of Reflection
Word of Spite,Word of Spite
Edict of Spite,Edict of Spite
Decree of Spite,Decree of Spite
Commandment of Spite,Commandment of Spite
Word of the Tempest,Word of the Tempest
Edict of the Tempest,Edict of the Tempest
Decree of the Tempest,Decree of the Tempest
Commandment of the Tempest,Commandment of the Tempest
Word of the Grave,Word of the Grave
Edict of the Grave,Edict of the Grave
Decree of the Grave,Decree of the Grave
Commandment of the Grave,Commandment of the Grave
Word of Thunder,Word of Thunder
Edict of Thunder,Edict of Thunder
Decree of Thunder,Decree of Thunder
Commandment of Thunder,Commandment of Thunder
Word of War,Word of War
Edict of War,Edict of War
Decree of War,Decree of War
Commandment of War,Commandment of War
Word of Winter,Word of Winter
Edict of Winter,Edict of Winter
Decree of Winter,Decree of Winter
Default Attack,Default Attack
Mortar,Mortar
Abberath's Fury,Abberath's Fury
Aspect of the Avian,Aspect of the Avian
Aspect of the Cat,Aspect of the Cat
Aspect of the Crab,Aspect of the Crab
Aspect of the Spider,Aspect of the Spider
Bone Nova,Bone Nova
Cold Aegis,Cold Aegis
Consecrate,コンセクレート
Create Lesser Shrine,Create Lesser Shrine
Death Walk,Death Walk
Doryani's Touch,Doryani's Touch
Elemental Aegis,Elemental Aegis
Elemental Warding,Elemental Warding
Fire Aegis,Fire Aegis
Fire Burst,Fire Burst
Icestorm,アイスストーム
Icicle Burst,Icicle Burst
Illusory Warp,Illusory Warp
Lightning Aegis,Lightning Aegis
Lightning Bolt,ライトニングボルト
Manifest Dancing Dervish,Manifest Dancing Dervish
Molten Burst,Molten Burst
Raise Spiders,Raise Spiders
Shade Form,Shade Form
Shock Ground,Shock Ground
Spirit Burst,Spirit Burst
Storm Cascade,Storm Cascade
Summon Bestial Rhoa,Summon Bestial Rhoa
Summon Bestial Snake,Summon Bestial Snake
Summon Bestial Ursa,Summon Bestial Ursa
Spectral Spirits,Spectral Spirits
Summon Harbinger of the Arcane,Summon Harbinger of the Arcane
Summon Harbinger of Brutality,Summon Harbinger of Brutality
Summon Harbinger of Directions,Summon Harbinger of Directions
Summon Harbinger of Focus,Summon Harbinger of Focus
Summon Harbinger of Storms,Summon Harbinger of Storms
Summon Harbinger of Time,Summon Harbinger of Time
Summon Spectral Wolf,Summon Spectral Wolf
Tentacle Whip,Tentacle Whip
Bone Mortar,Bone Mortar
Plague,Plague
Rune Blast,Rune Blast
Feast of Flesh,フィーストオブフレッシュ
Call of Steel,Call of Steel
Combust,Combust
Brandsurge,Brandsurge
Embrace Madness,Embrace Madness
Fog of War,Fog of War
Stalking Pustule,Stalking Pustule
Tawhoa's Chosen,Tawhoa's Chosen
Physical Aegis,Physical Aegis
Corpse Walk,Corpse Walk
Death Wish,Death Wish
Animate Guardian's Weapon,Animate Guardian's Weapon
Reflection,鏡像
Unseen Strike,Unseen Strike
Summon Greater Harbinger of the Arcane,Summon Greater Harbinger of the Arcane
Summon Greater Harbinger of Brutality,Summon Greater Harbinger of Brutality
Summon Greater Harbinger of Directions,Summon Greater Harbinger of Directions
Summon Greater Harbinger of Focus,Summon Greater Harbinger of Focus
Summon Greater Harbinger of Storms,Summon Greater Harbinger of Storms
Summon Greater Harbinger of Time,Summon Greater Harbinger of Time
Summon Taunting Contraption,Summon Taunting Contraption
Shield Shatter,Shield Shatter
Void Gaze,Void Gaze
Signal Prey,Signal Prey
Doom Blast,Doom Blast
Void Shot,Void Shot
Arcane Wake,Arcane Wake
Atlas Riftwalk,Atlas Riftwalk
Barrel Explosion,Barrel Explosion
Bleed Nova,Bleed Nova
Commandment of Winter,Commandment of Winter
Consume Bones,Consume Bones
Contaminate,Contaminate
Curse Consume,Curse Consume
Curse Transfer,Curse Transfer
Damage On Movement Skill Use Aura,Damage On Movement Skill Use Aura
Darktongue's Kiss,Darktongue's Kiss
Doom Arrow,Doom Arrow
Empowering Howl,Empowering Howl
Face Last Target,Face Last Target
Fiery Impact,Fiery Impact
FigureHead Incinerate,FigureHead Incinerate
Fire Elemental Cone,Fire Elemental Cone
Fire Nova Mine,Fire Nova Mine
Fire Projectile Retaliation,Fire Projectile Retaliation
Flame Breath,フレイムブレス
Flask Charge Nova,Flask Charge Nova
Flicker Thrust,Flicker Thrust
Focus,フォーカス
Freeze Mine,Freeze Mine
Frost Bolt Channel,Frost Bolt Channel
Glimpse of Eternity,Glimpse of Eternity
Goddess Beam,Goddess Beam
Goddess Warp,Goddess Warp
Gore Shockwave,Gore Shockwave
Ice Elemental Spear,Ice Elemental Spear
Ignite,イグナイト
Inca Boss Freezing Pulse,Inca Boss Freezing Pulse
Increased Damage Taken Aura,Increased Damage Taken Aura
Izaro Warp,Izaro Warp
Kill,Kill
Lightning Clone Retaliation,Lightning Clone Retaliation
Petrification Statue,Petrification Statue
Physical Degeneration Aura,Physical Degeneration Aura
Physical Projectile Retaliation,Physical Projectile Retaliation
Piety Beam,Piety Beam
Piety Reverse Cleave,Piety Reverse Cleave
Primal Aegis,Primal Aegis
Rain Of Blades,Rain Of Blades
Range Finder,Range Finder
Rending Steel (NOT CURRENTLY USED),Rending Steel (NOT CURRENTLY USED)
Slow Aura,スローオーラ
Storm Cloud Lightning Warp,Storm Cloud Lightning Warp
Summon Doedre's Effigy,Summon Doedre's Effigy
Talisman Degen,Talisman Degen
Talisman Summon Lightning Spiral,Talisman Summon Lightning Spiral
Taunt,Taunt
Thirst for Blood,Thirst for Blood
Throw,Throw
Throw Dynamite,Throw Dynamite
Throw Flare,Throw Flare
Touch Of God,Touch Of God
Unhinge,Unhinge
Unnamed2,Unnamed2
Vaal Fire Trap,Vaal Fire Trap
Vaal Vitality,Vaal Vitality
Vinktar Lightning Bond,Vinktar Lightning Bond
Volatile Anomaly,Volatile Anomaly
Whirling Leap,Whirling Leap
Blood Sacrament,Blood Sacrament
Flames of Judgement,Flames of Judgement
Queen's Demand,Queen's Demand
Storm of Judgement,Storm of Judgement
Summon Arbalists,Summon Arbalists
Twister,ツイスター
Absolution,アブソリューション
Alchemist's Mark,アルケミストの呪印
Ambush,アンブッシュ
Ancestral Blademaster,アンセストラルブレードマスター
Ancestral Cry,アンセストラルクライ
Ancestral Protector,アンセストラルプロテクター
Ancestral Warchief,アンセストラルウォーチーフ
Anger,アンガー
Animate Guardian,アニメイトガーディアン
Animate Weapon,アニメイトウェポン
Approaching Flames,Approaching Flames
Arc,アーク
Arcane Cloak,アーケインクローク
Arcanist Brand,アルカニストブランド
Arctic Armour,アークティックアーマー
Armageddon Brand,アルマゲドンブランド
Artillery Ballista,アーティラリーバリスタ
Assassin's Mark,アサシンの呪印
Backstab,バックスタッブ
Ball Lightning,ボールライトニング
Bane,Bane
Barrage,バラージ
Battlemage's Cry,バトルメイジズクライ
Bear Trap,ベアトラップ
Berserk,バーサーク
Blade Blast,ブレードブラスト
Blade Flurry,剣の乱舞
Blade Trap,ブレードトラップ
Blade Vortex,ブレードヴォーテックス
Bladefall,ブレードフォール
Bladestorm,ブレードストーム
Blast Rain,ブラストレイン
Blazing Salvo,ブレイジングサルヴォ
Blight,Blight
Blinding Aura,盲目オーラ
Blink Arrow,ブリンクアロー
Blood and Sand,ブラッドアンドサンド
Blood Offering,ブラッドオファリング
Blood Rage,ブラッドレイジ
Bodyswap,ボディスワップ
Bone Armour,ボーンアーマー
Bone Offering,ボーンオファリング
Boneshatter,ボーンシャッター
Brand Recall,ブランドリコール
Burning Arrow,バーニングアロー
Capture Monster,モンスター捕獲
Caustic Arrow,コースティックアロー
Chain Hook,チェーンフック
Charged Dash,チャージドダッシュ
Clarity,クラリティ
Cleave,クリーヴ
Cobra Lash,コブララッシュ
Cold Snap,コールドスナップ
Conductivity,コンダクティビティ
Consecrated Path,コンセクレイテッドパス
Contagion,コンテージョン
Conversion Trap,コンヴァージョントラップ
Convocation,コンヴォケーション
Corrupting Fever,コラプティングフィーバー
Crackling Lance,クラックリングランス
Creeping Frost,クリーピングフロスト
Cremation,焼却
Cyclone,サイクロン
Damage Infusion,ダメージインフュージョン
Dark Pact,ダークパクト
Dash,Dash
Death Aura,デスオーラ
Decoy Totem,デコイトーテム
Defiance Banner,ディファイアンスバナー
Desecrate,デセクレート
Despair,ディスペア
Destructive Link,ディストラクティブリンク
Determination,Determination
Detonate Dead,デトネートデッド
Detonate Mines,マイン起爆
Devouring Totem,デヴァワリングトーテム
Direct Ants,Direct Ants
Discharge,ディスチャージ
Discipline,ディシプリン
Divine Ire,ディヴァインアイア
Dominating Blow,ドミネイティングブロウ
Double Strike,ダブルストライク
Dread Banner,ドレッドバナー
Dual Strike,デュアルストライク
Earthquake,アースクエイク
Earthshatter,アースシャッター
Elemental Hit,エレメンタルヒット
Elemental Projectiles,エレメンタルプロジェクタイル
Elemental Weakness,エレメンタルウィークネス
Enduring Cry,エンデュアリングクライ
Energy Blade,エナジーブレード
Enfeeble,エンフィーブル
Ensnaring Arrow,エンスネアリングアロー
Envy,エンビー
Essence Drain,エッセンスドレイン
Ethereal Knives,イシリアルナイフ
Explosive Arrow,エクスプローシブアロー
Explosive Concoction,エクスプローシブコンコクション
Explosive Trap,エクスプローシブトラップ
Exsanguinate,イグザングイネイト
Eye of Winter,アイオブウィンター
Fire Trap,ファイヤートラップ
Fire Weapon,ファイヤーウェポン
Fireball,ファイヤーボール
Firestorm,ファイヤーストーム
Flame Dash,フレイムダッシュ
Flame Link,フレイムリンク
Flame Surge,フレイムサージ
Flame Wall,フレイムウォール
Flameblast,フレイムブラスト
Flamethrower Trap,フレームスローワートラップ
Flammability,フラマビリティ
Flammable Shot,フレイマブルショット
Flesh and Stone,フレッシュアンドストーン
Flesh Offering,フレッシュオファリング
Flicker Strike,フリッカーストライク
Forbidden Rite,フォビドゥンライト
Freezing Pulse,フリージングパルス
Frenzy,フレンジー
Frost Blades,フロストブレード
Frost Bomb,フロストボム
Frost Shield,フロストシールド
Frost Wall,フロストウォール
Frostbite,フロストバイト
Frostblink,フロストブリンク
Frostbolt,フロストボルト
Frozen Legion,フローズンリージョン
Frozen Sweep,Frozen Sweep
Galvanic Arrow,ガルヴァニックアロー
Galvanic Field,ガルヴァニックフィールド
General's Cry,ジェネラルズクライ
Glacial Cascade,グレイシャルカスケード
Glacial Hammer,グレイシャルハンマー
Gluttony of Elements,元素の飽食
Grace,グレース
Ground Slam,グラウンドスラム
Haste,ヘイスト
Hatred,ヘイトレッド
Heavy Strike,ヘビーストライク
Herald of Agony,ヘラルドオブアゴニー
Herald of Ash,ヘラルドオブアッシュ
Herald of Blood,ヘラルドオブブラッド
Herald of Ice,ヘラルドオブアイス
Herald of Purity,ヘラルドオブピュリティ
Herald of Thunder,ヘラルドオブサンダー
Hexblast,ヘックスブラスト
Holy Flame Totem,ホーリーフレイムトーテム
Hydrosphere,ハイドロスフィア
Ice Crash,アイスクラッシュ
Ice Nova,アイスノヴァ
Ice Shot,アイスショット
Ice Spear,アイススピアー
Ice Trap,アイストラップ
Icefire,アイスファイヤー
Icicle Mine,アイシクルマイン
Immortal Call,イモータルコール
Incinerate,インシネレート
Infernal Blow,インファーナルブロウ
Infernal Cry,インファーナルクライ
Infernal Sweep,インファーナルスウィープ
Intimidating Cry,インティミデーティングクライ
Intuitive Link,インテュイティブリンク
Kinetic Blast,キネティックブラスト
Kinetic Bolt,キネティックボルト
Lacerate,ラセレイト
Lancing Steel,ランシングスティール
Leap Slam,リープスラム
Lightning Arrow,ライトニングアロー
Lightning Conduit,ライトニングコンジット
Lightning Spire Trap,ライトニングスパイアトラップ
Lightning Strike,ライトニングストライク
Lightning Tendrils,ライトニングテンドリル
Lightning Trap,ライトニングトラップ
Lightning Warp,ライトニングワープ
Malevolence,マレヴォレンス
Manabond,マナボンド
Manifest Dancing Dervishes,Manifest Dancing Dervishes
Mirror Arrow,ミラーアロー
Molten Shell,モルテンシェル
Molten Strike,モルテンストライク
Orb of Storms,オーブオブストーム
Penance Brand,ペナンスブランド
Perforate,パーフォレイト
Pestilent Strike,ペスティレントストライク
Petrified Blood,ペトリファイドブラッド
Phase Run,フェーズラン
Plague Bearer,プレイグベアラー
Poacher's Mark,ポーチャーの呪印
Poisonous Concoction,ポイゾナスコンコクション
Polymorph,Polymorph
Portal,ポータル
Power Siphon,パワーサイフォン
Precision,プレシジョン
Pride,プライド
Protective Link,プロテクティブリンク
Puncture,パンクチャー
Punishment,パニッシュメント
Purifying Flame,ピュリファイングフレイム
Purity of Elements,ピュリティオブエレメンツ
Purity of Fire,ピュリティオブファイヤー
Purity of Ice,ピュリティオブアイス
Purity of Lightning,ピュリティオブライトニング
Pyroclast Mine,パイロクラストマイン
Rage Vortex,レイジヴォーテックス
Rain of Arrows,レインオブアロー
Raise Spectre,スペクター蘇生
Raise Zombie,ゾンビ蘇生
Rallying Cry,ラリイングクライ
Reap,リープ
Reave,リーヴ
Reckoning,Reckoning
Rejuvenation Totem,リジュヴェネーショントーテム
Righteous Fire,ライチャスファイヤー
Righteous Lightning,ライチャスライトニング
Riposte,Riposte
Riptide,リップタイド
Rolling Magma,ローリングマグマ
Scorching Ray,スコーチングレイ
Scourge Arrow,スカージアロー
Searing Bond,シーリングボンド
Seismic Cry,サイズミッククライ
Seismic Trap,サイズミックトラップ
Shadow Blades,シャドウブレード
Shattering Steel,シャタリングスティール
Shield Charge,シールドチャージ
Shield Crush,シールドクラッシュ
Shock Nova,ショックノヴァ
Shockwave,Shockwave
Shockwave Totem,ショックウェーブトーテム
Shrapnel Ballista,シュラプネルバリスタ
Siege Ballista,シージバリスタ
Sigil of Power,シギルオブパワー
Siphoning Trap,サイフォニングトラップ
Smite,スマイト
Smoke Mine,スモークマイン
Snipe,スナイプ
Sniper's Mark,スナイパーの呪印
Soul Link,ソウルリンク
Soulrend,ソウルレンド
Spark,スパーク
Spectral Helix,スペクトラルヘリックス
Spectral Shield Throw,スペクトラルシールドスロー
Spectral Spinning Weapon,スペクトラルスピニングウェポン
Spectral Throw,スペクトラルスロー
Spellslinger,スペルスリンガー
Spirit Offering,スピリットオファリング
Split Arrow,スプリットアロー
Splitting Steel,スプリッティングスティール
Static Strike,スタティックストライク
Static Tether,スタティックテザー
Steelskin,スティールスキン
Storm Brand,ストームブランド
Storm Burst,ストームバースト
Storm Call,ストームコール
Storm Rain,ストームレイン
Stormbind,ストームバインド
Stormblast Mine,ストームブラストマイン
Summon Carrion Golem,キャリオンゴーレム召喚
Summon Chaos Golem,カオスゴーレム召喚
Summon Flame Golem,フレイムゴーレム召喚
Summon Holy Relic,ホーリーレリック召喚
Summon Ice Golem,アイスゴーレム召喚
Summon Lightning Golem,ライトニングゴーレム召喚
Summon Phantasm,Summon Phantasm
Summon Raging Spirit,レイジングスピリット召喚
Summon Reaper,リーパー召喚
Summon Skeletons,スケルトン召喚
Summon Skeletons Channelled,チャネリングスケルトン召喚
Summon Skitterbots,スキッターボット召喚
Summon Stone Golem,ストーンゴーレム召喚
Sunder,サンダー
Sweep,スウィープ
Table Charge,Table Charge
Tectonic Slam,テクトニックスラム
Tempest Shield,テンペストシールド
Temporal Chains,テンポラルチェーン
Temporal Rift,テンポラルリフト
Tornado,トルネード
Tornado Shot,トルネードショット
Toxic Rain,トキシックレイン
Unearth,アンアース
Vaal Ancestral Warchief,ヴァールアンセストラルウォーチーフ
Vaal Arc,ヴァールアーク
Vaal Blade Flurry,ヴァールブレードフラリー
Vaal Blade Vortex,ヴァールブレードヴォーテックス
Vaal Blight,ヴァールブライト
Vaal Breach,ヴァールブリーチ
Vaal Burning Arrow,ヴァールバーニングアロー
Vaal Caustic Arrow,ヴァールコースティックアロー
Vaal Clarity,ヴァールクラリティ
Vaal Cleave,ヴァールクリーヴ
Vaal Cold Snap,ヴァールコールドスナップ
Vaal Cyclone,ヴァールサイクロン
Vaal Detonate Dead,ヴァールデトネートデッド
Vaal Discipline,ヴァールディシプリン
Vaal Double Strike,ヴァールダブルストライク
Vaal Earthquake,ヴァールアースクエイク
Vaal Fireball,ヴァールファイヤーボール
Vaal Flameblast,ヴァールフレイムブラスト
Vaal Flesh Offering,ヴァールフレッシュオファリング
Vaal Flicker Strike,ヴァールフリッカーストライク
Vaal Glacial Hammer,ヴァールグレイシャルハンマー
Vaal Grace,ヴァールグレース
Vaal Ground Slam,ヴァールグラウンドスラム
Vaal Haste,ヴァールヘイスト
Vaal Heavy Strike,ヴァールヘビーストライク
Vaal Ice Nova,ヴァールアイスノヴァ
Vaal Immortal Call,ヴァールイモータルコール
Vaal Impurity of Fire,ヴァールインピュリティオブファイヤー
Vaal Impurity of Ice,ヴァールインピュリティオブアイス
Vaal Impurity of Lightning,ヴァールインピュリティオブライトニング
Vaal Lightning Strike,ヴァールライトニングストライク
Vaal Lightning Trap,ヴァールライトニングトラップ
Vaal Lightning Warp,ヴァールライトニングワープ
Vaal Molten Shell,ヴァールモルテンシェル
Vaal Molten Strike,ヴァールモルテンストライク
Vaal Power Siphon,ヴァールパワーサイフォン
Vaal Rain of Arrows,ヴァールレインオブアロー
Vaal Reave,ヴァールリーヴ
Vaal Righteous Fire,ヴァールライチャスファイヤー
Vaal Smite,ヴァールスマイト
Vaal Spark,ヴァールスパーク
Vaal Spectral Throw,ヴァールスペクトラルスロー
Vaal Storm Call,ヴァールストームコール
Vaal Summon Skeletons,ヴァールスケルトン召喚
Vaal Sweep,ヴァールスウィープ
Vaal Venom Gyre,ヴァールヴェノムジャイア
Vaal Volcanic Fissure,ヴァールヴォルカニックフィッシャー
Vampiric Link,ヴァンパイアリンク
Vengeance,復讐
Venom Gyre,ヴェノムジャイア
Vigilant Strike,ヴィジラントストライク
Viper Strike,ヴァイパーストライク
Vitality,バイタリティ
Void Sphere,ヴォイドスフィア
Volatile Dead,ボラタイルデッド
Volcanic Fissure,ヴォルカニックフィッシャー
Voltaxic Burst,ボルタキシックバースト
Vortex,Vortex
Vulnerability,ヴァルネラビリティ
Wand Teleport,ワンドテレポート
War Banner,ウォーバナー
Warlord's Mark,ウォーロードの呪印
Wave of Conviction,ウェーブオブコンヴィクション
Whirling Blades,ワーリングブレード
Wild Strike,ワイルドストライク
Wildfire,発火伝染
Winter Orb,ウィンターオーブ
Wintertide Brand,ウィンタータイドブランド
Wither,ウィザー
Withering Step,ウィザリングステップ
Wrath,Wrath
Zealotry,ゼロトリー
Avenging Flame,Avenging Flame
Bone Corpses,Bone Corpses
Flip a coin,Flip a coin
Gravity Sphere,Gravity Sphere
Play Dead!,Play Dead!
Playtest Attack,プレイテストアタック
Playtest Slam,プレイテストスラム
Playtest Spell,プレイテストスペル
Prismatic Burst,Prismatic Burst
Quickstep,クイックステップ
Roll Over!,Roll Over!
Sit!,Sit!
Stance Swap,Stance Swap
Summon Barrel,Summon Barrel
Summon Elemental Relic,Summon Elemental Relic
Summon Sentinel of Radiance,Summon Sentinel of Radiance
Summon Spirit of Ahuana,Summon Spirit of Ahuana
Summon Spirit of Akoya,Summon Spirit of Akoya
Summon Spirit of Ikiaho,Summon Spirit of Ikiaho
Summon Spirit of Kahuturoa,Summon Spirit of Kahuturoa
Summon Spirit of Kaom,Summon Spirit of Kaom
Summon Spirit of Kiloava,Summon Spirit of Kiloava
Summon Spirit of Maata,Summon Spirit of Maata
Summon Spirit of Rakiata,Summon Spirit of Rakiata
Summon Spirit of Tawhanuku,Summon Spirit of Tawhanuku
Summon Spirit of Utula,Summon Spirit of Utula
Summon Triggerbots,Summon Triggerbots
Vaal Absolution,ヴァールアブソリューション
Vaal Animate Weapon,ヴァールアニメイトウェポン
Vaal Arctic Armour,ヴァールアークティックアーマー
Vaal Domination,ヴァールドミネーション
Vaal Firestorm,ヴァールファイヤーストーム
Vaal Ice Shot,ヴァールアイスショット
Vaal Lightning Arrow,ヴァールライトニングアロー
Vaal Reap,ヴァールリープ
Vaal Rejuvenation Totem,ヴァールリジュヴェネーショントーテム
Vaal Split Arrow,ヴァールスプリットアロー
Who's a Good Doggy?,Who's a Good Doggy?
Spray Paint Celestial,Spray Paint Celestial
Spray Paint Magmatic,Spray Paint Magmatic
Spray Paint Blood,Spray Paint Blood
Ground Slam of Earthshaking,動地のグラウンドスラム
Cleave of Rage,憤怒のクリーヴ
Leap Slam of Groundbreaking,鍬入れのリープスラム
Double Strike of Impaling,串刺しのダブルストライク
Double Strike of Momentum,モーメンタムのダブルストライク
Dual Strike of Ambidexterity,両利きのデュアルストライク
Frenzy of Onslaught,猛攻のフレンジー
Caustic Arrow of Poison,毒のコースティックアロー
Detonate Dead of Scavenging,死体漁りのデトネートデッド
Detonate Dead of Chain Reaction,連鎖反応のデトネートデッド
Flicker Strike of Power,力のフリッカーストライク
Split Arrow of Splitting,分裂のスプリットアロー
Cold Snap of Power,力のコールドスナップ
Ice Nova of Frostbolts,フロストボルトのアイスノヴァ
Ice Nova of Deep Freeze,急速冷凍のアイスノヴァ
Arc of Surging,急増のアーク
Arc of Oscillating,振動のアーク
Raise Zombie of Slamming,スラムのゾンビ蘇生
Raise Zombie of Falling,落下のゾンビ蘇生
Righteous Fire of Arcane Devotion,秘術信仰のライチャスファイヤー
Discharge of Misery,悲惨のディスチャージ
Spark of the Nova,ノヴァのスパーク
Spark of Unpredictability,予測不能のスパーク
Ice Spear of Splitting,分裂のアイススピアー
Raise Spectre of Transience,一時性のスペクター蘇生
Infernal Blow of Immolation,焼身のインファーナルブロウ
Glacial Hammer of Shattering,粉砕のグレイシャルハンマー
Viper Strike of the Mamba,マンバのヴァイパーストライク
Summon Skeletons of Archery,Summon Skeletons of Archery
Summon Skeletons of Sorcery,Summon Skeletons of Sorcery
Dominating Blow of Inspiring,鼓舞のドミネイティングブロウ
Rain of Arrows of Artillery,砲撃のレインオブアロー
Rain of Arrows of Saturation,飽和のレインオブアロー
Firestorm of Meteors,隕石のファイヤーストーム
Firestorm of Pelting,土砂降りのファイヤーストーム
Lightning Strike of Arcing,放電のライトニングストライク
Power Siphon of the Archmage,アークメイジのパワーサイフォン
Lightning Arrow of Electrocution,感電死のライトニングアロー
Burning Arrow of Vigour,活力のバーニングアロー
Bear Trap of Skewers,串のベアトラップ
Fire Trap of Blasting,爆破のファイヤートラップ
Ethereal Knives of Lingering Blades,残存する刃のイシリアルナイフ
Ethereal Knives of the Massacre,殺戮のイシリアルナイフ
Ball Lightning of Orbiting,軌道周回のボールライトニング
Ball Lightning of Static,静止のボールライトニング
Cyclone of Tumult,騒動のサイクロン
Reave of Refraction,屈折のリーヴ
Lightning Trap of Sparking,火花のライトニングトラップ
Animate Guardian of Smiting,スマイトのアニメイトガーディアン
Spectral Throw of Materialising,実体化のスペクトラルスロー
Animate Weapon of Self Reflection,自己投影のアニメイトウェポン
Animate Weapon of Ranged Arms,遠距離武器のアニメイトウェポン
Flameblast of Celerity,迅速のフレイムブラスト
Flameblast of Contraction,収縮のフレイムブラスト
Barrage of Volley Fire,一斉発射のバラージ
Summon Raging Spirit of Enormity,極悪のレイジングスピリット召喚
Flame Surge of Combusting,着火のフレイムサージ
Molten Strike of the Zenith,天頂のモルテンストライク
Tornado Shot of Cloudburst,豪雨のトルネードショット
Lightning Tendrils of Eccentricity,奇行のライトニングテンドリル
Lightning Tendrils of Escalation,増大のライトニングテンドリル
Blink Arrow of Bombarding Clones,爆撃するクローンのブリンクアロー
Blink Arrow of Prismatic Clones,プリズマチッククローンのブリンクアロー
Mirror Arrow of Bombarding Clones,爆撃するクローンのミラーアロー
Mirror Arrow of Prismatic Clones,プリズマチッククローンのミラーアロー
Summon Chaos Golem of Hordes,大群のカオスゴーレム召喚
Summon Chaos Golem of the Maelström,大渦巻のカオスゴーレム召喚
Summon Ice Golem of Hordes,大群のアイスゴーレム召喚
Summon Ice Golem of Shattering,粉砕のアイスゴーレム召喚
Summon Flame Golem of Hordes,大群のフレイムゴーレム召喚
Summon Flame Golem of the Meteor,隕石のフレイムゴーレム召喚
Ice Crash of Cadence,カデンツのアイスクラッシュ
Flame Dash of Incinerating,Flame Dash of Incinerating
Flame Dash of Return,帰還のフレイムダッシュ
Frost Blades of Katabasis,カタバシスのフロストブレード
Wild Strike of Extremes,極限のワイルドストライク
Ice Trap of Hollowness,空洞のアイストラップ
Galvanic Arrow of Energy,エネルギーのガルヴァニックアロー
Galvanic Arrow of Surging,サージ電流のガルヴァニックアロー
Bladefall of Volleys,斉射のブレードフォール
Bladefall of Impaling,串刺しのブレードフォール
Frost Bomb of Instability,不安定性のフロストボム
Frost Bomb of Forthcoming,来るべき時のフロストボム
Summon Stone Golem of Hordes,大群のストーンゴーレム召喚
Summon Stone Golem of Safeguarding,保護のストーンゴーレム召喚
Earthquake of Amplification,増幅のアースクエイク
Contagion of Subsiding,弱毒化のコンテ―ジョン
Contagion of Transference,伝染のコンテ―ジョン
Essence Drain of Desperation,自棄のエッセンスドレイン
Essence Drain of Wickedness,邪悪のエッセンスドレイン
Siege Ballista of Splintering,破砕のシージバリスタ
Sunder of Earthbreaking,地砕きのサンダー
Vortex of Projection,投影のヴォーテックス
Blight of Contagion,コンテージョンのブライト
Blight of Atrophy,萎縮のブライト
Blade Flurry of Incision,切開のブレードフラリィ
Summon Lightning Golem of Hordes,大群のライトニングゴーレム召喚
Lacerate of Butchering,屠殺のラセレイト
Lacerate of Haemorrhage,出血のラセレイト
Scorching Ray of Immolation,火炙りのスコーチングレイ
Blade Vortex of the Scythe,大鎌のブレードヴォーテックス
Spectral Shield Throw of Shattering,粉砕のスペクトラルシールドスロー
Volatile Dead of Confinement,拘束のヴォラタイルデッド
Volatile Dead of Seething,沸騰のヴォラタイルデッド
Cremation of Exhuming,死体堀りのクレメーション
Cremation of the Volcano,火山のクレメーション
Bodyswap of Sacrifice,生贄のボディスワップ
Tectonic Slam of Cataclysm,大災害のテクトニックスラム
Explosive Trap of Shrapnel,破片のエクスプローシブトラップ
Explosive Trap of Magnitude,大規模のエクスプローシブトラップ
Lightning Spire Trap of Zapping,通電のライトニングスパイアトラップ
Lightning Spire Trap of Overloading,過負荷のライトニングスパイアトラップ
Seismic Trap of Swells,うねりのサイズミックトラップ
Consecrated Path of Endurance,耐久力のコンセクレイテッドパス
Smite of Divine Judgement,神の裁きのスマイト
Scourge Arrow of Menace,脅威のスカージアロー
Toxic Rain of Sporeburst,胞子破裂のトキシックレイン
Toxic Rain of Withering,衰弱のトキシックレイン
Storm Brand of Indecision,優柔不断のストームブランド
Shattering Steel of Ammunition,弾薬のシャタリングスティール
Armageddon Brand of Volatility,揮発性のアルマゲドンブランド
Armageddon Brand of Recall,リコールのアルマゲドンブランド
Purifying Flame of Revelations,啓示のピュリファイリングフレイム
Soulrend of Reaping,刈り取りのソウルレンド
Soulrend of the Spiral,螺旋のソウルレンド
Bane of Condemnation,糾弾のベイン
Divine Ire of Holy Lightning,聖なる雷のディヴァインアイア
Divine Ire of Disintegration,分解のディヴァインアイア
Holy Flame Totem of Ire,怒りのホーリーフレイムトーテム
Bladestorm of Uncertainty,不確実性のブレードストーム
Perforate of Duality,二重性のパーフォレイト
Perforate of Bloodshed,流血のパーフォレイト
Frostblink of Wintry Blast,冬の暴風のフロストブリンク
Summon Carrion Golem of Hordes,大群のキャリオンゴーレム召喚
Summon Carrion Golem of Scavenging,死体漁りのキャリオンゴーレム召喚
Pyroclast Mine of Sabotage,サボタージュのパイロクラストマイン
Icicle Mine of Fanning,扇形のアイシクルマイン
Icicle Mine of Sabotage,サボタージュのアイシクルマイン
Shrapnel Ballista of Steel,鋼のシュラプネルバリスタ
Stormbind of Teleportation,瞬間移動のストームバインド
Rune Blast of Teleportation,Rune Blast of Teleportation
Kinetic Bolt of Fragmentation,断片化のキネティックボルト
Blade Blast of Unloading,一斉爆破のブレードブラスト
Blade Blast of Dagger Detonation,短剣起爆のブレードブラスト
Penance Brand of Dissipation,放散のペナンスブランド
Penance Brand of Conduction,伝導のペナンスブランド
Earthshatter of Fragility,脆弱のアースシャッター
Earthshatter of Prominence,突出のアースシャッター
Void Sphere of Rending,引き裂きのヴォイドスフィア
Crackling Lance of Branching,枝分かれのクラックリングランス
Crackling Lance of Disintegration,分解のクラックリングランス
Splitting Steel of Ammunition,弾薬のスプリッティングスティール
Lancing Steel of Spraying,乱射のランシングスティール
Glacial Cascade of the Fissure,亀裂のグレイシャルカスケード
Hexblast of Contradiction,矛盾のヘックスブラスト
Hexblast of Havoc,破壊のヘックスブラスト
Exsanguinate of Transmission,伝染のイグザングイネイト
Rage Vortex of Berserking,狂戦士化のレイジヴォーテックス
Absolution of Inspiring,鼓舞のアブソリューション
Blade Trap of Greatswords,大剣のブレードトラップ
Blade Trap of Laceration,裂傷のブレードトラップ
Forbidden Rite of Soul Sacrifice,魂の生贄のフォビドゥンライト
Storm Rain of the Conduit,電導管のストームレイン
Storm Rain of the Fence,電磁柵のストームレイン
Shield Crush of the Chieftain,族長のシールドクラッシュ
Summon Reaper of Revenants,死霊のリーパー召喚
Summon Reaper of Eviscerating,腸抜きのリーパー召喚
Boneshatter of Complex Trauma,複雑性トラウマのボーンシャッター
Boneshatter of Carnage,虐殺のボーンシャッター
Explosive Concoction of Destruction,破壊のエクスプローシブコンコクション
Eye of Winter of Finality,終焉のアイオブウィンター
Eye of Winter of Transience,一時性のアイオブウィンター
Lightning Conduit of the Heavens,天のライトニングコンジット
Galvanic Field of Intensity,強烈なガルヴァニックフィールド
Frozen Legion of Rallying,結集のフローズンリージョン
Volcanic Fissure of Snaking,蛇行のヴォルカニックフィッシャー
Summon Dark Effigy,Summon Dark Effigy
Barkskin,バークスキン
Penance Mark,Penance Mark
Affliction,Affliction
Pacify,Pacify
Ravenous,饑い
Elemental Hit of the Spectrum,分光のエレメンタルヒット
Ice Shot of Penetration,貫通のアイスショット
Incinerate of Expanse,拡大のインシネレート
Incinerate of Venting,放出のインシネレート
Kinetic Blast of Clustering,群化のキネティックブラスト
Summon Holy Relic of Conviction,信念のホーリーレリック召喚
Artillery Ballista of Cross Strafe,交差掃射のアーティラリーバリスタ
Artillery Ballista of Focus Fire,集中砲火のアーティラリーバリスタ
Poisonous Concoction of Bouncing,跳ね返りのポイゾナスコンコクション
Tornado of Elemental Turbulence,元素の乱流のトルネード
Transform into Mimic,Transform into Mimic
Automation,自動化
Call to Arms,コールトゥアームズ
Summon Sacred Wisps,Summon Sacred Wisps
"Summon an image of Beidat, Archangel of Death","Summon an image of Beidat, Archangel of Death"
"Summon an image of K'tash, the Hate Shepherd","Summon an image of K'tash, the Hate Shepherd"
Summon Demon Beast,Summon Demon Beast
Summon Demon Harpy,Summon Demon Harpy
Summon Demon Imp,Summon Demon Imp
Summon Pale Angel,Summon Pale Angel
Summon Pale Cherubim,Summon Pale Cherubim
Summon Pale Servitor,Summon Pale Servitor
Abyssal Apparition,アビサルアパリション
Acidic Concoction,アシッドコンコクション
Alchemist's Boon,錬金術師の恩恵
Ancestral Spirits,アンセストラルスピリット
Ancestral Warrior Totem,アンセストラルウォーリアートーテム
Archmage,アーチメイジ
Armour Breaker,アーマーブレイカー
Armour Piercing Rounds,アーマーピアシング弾
Attrition,アトリション
Axe Slash,アックススラッシュ
Barrier Invocation,バリアーインボケーション
Basic Attack,Basic Attack
Basic Bolt,Basic Bolt
Battershout,破壊のウォークライ
Bind Spectre,バインドスペクター
Black Powder Blitz,ブラックパウダーブリッツ
Blasphemy,ブラスファミー
Blazing Lance,Blazing Lance
Bleeding Concoction,ブリーディングコンコクション
Blink,ブリンク
Blood Boil,ブラッドボイル
Blood Hunt,ブラッドハント
Bloodhound's Mark,ブラッドハウンドの呪印
Bloodhound's Mark Explosion,Bloodhound's Mark Explosion
Bone Blast,ボーンブラスト
Bone Cage,ボーンケージ
Bone Explosion,Bone Explosion
Bone Shrapnel Explosion,Bone Shrapnel Explosion
Bonebreaker,Bonebreaker
Bonestorm,ボーンストーム
Bow Shot,ボウショット
Brambles,Brambles
Burning Inscription,燃焼の刻印
BurningNova,BurningNova
Burst Shot,Burst Shot
Bursting Fen Toad,バースティングフェントード
Called Shots,コールショット
Caltrops,マキビシ
Cast on Block,ブロック時キャスト
Cast on Charm Use,チャーム使用時キャスト
Cast on Critical,クリティカル時キャスト
Cast on Death,死亡時キャスト
Cast on Dodge,ドッジ時キャスト
Cast on Elemental Ailment,元素系状態異常時キャスト
Cast on Freeze,凍結時キャスト
Cast on Ignite,発火時キャスト
Cast on Melee Kill,近接キル時キャスト
Cast on Melee Stun,近接スタン時キャスト
Cast on Minion Death,ミニオン死亡時キャスト
Cast on Shock,ショックフラッシュ
Cast when Damage Taken,被ダメージ時キャスト
Cast when Stunned,被スタン時キャスト
Cast while Channelling,チャネリング中キャスト
Chaos Bolt,カオスボルト
Chaotic Surge,カオティックサージ
Charge Infusion,Charge Infusion
Charged Shockwave,Charged Shockwave
Charged Staff,チャージドスタッフ
Claw Stab,クロースタブ
Cluster Grenade,クラスターグレネード
Combat Frenzy,コンバットフレンジー
Comet,コメット
Command: {0} ,Command: {0} 
Companion: {0},コンパニオン：{0}
Compose Requiem,Compose Requiem
Consume Corpse,Consume Corpse
Convalescence,コンヴァレッセンス
Crackling Palm,クラックリングパーム
Crater,クレーター
Crossbow Shot,クロスボウショット
Cull the Weak,Cull the Weak
Curse on Block,ブロック時呪い
Dagger Stab,ダガースタブ
Dark Effigy,ダークエフィジー
Death From Above,Death From Above
Death Storm,Death Storm
Decompose,デコンポーズ
Demon Form,悪魔形態
Detonating Arrow,デトネーティングアロー
Direct Minions,ミニオン操作
Disengage,ディスエンゲージ
Doedre's Dark Design,Doedre's Dark Design
Electrocuting Arrow,エレクトロカッティングアロー
Elemental Conflux,エレメンタルコンフラックス
Elemental Discharge,エレメンタルディチャージ
Elemental Expression,エレメンタルエクスプレッション
Elemental Invocation,エレメンタルインボケーション
Elemental Siphon,エレメンタルサイフォン
Elemental Storm,エレメンタルストーム
Elemental Sundering,エレメンタルサンダーリング
Elemental Surge,エレメンタルサージ
Ember Fusillade,エンバーフシレイド
Emergency Reload,緊急リロード
Encase in Jade,ヒスイの守り
Enervating Nova,エナヴェイティングノヴァ
Enrage,Enrage
Escape Shot,エスケープショット
Explosive Demise,Explosive Demise
Explosive Grenade,エクスプローシブグレネード
Explosive Shot,エクスプローシブショット
Explosive Spear,エクスプローシブスピア
Falling Thunder,フォーリングサンダー
Fangs of Frost,ファングオブフロスト
Ferocious Roar,フェロシアスロア
Fiery Death,発火死亡時爆発
Fire Bomb,Fire Bomb
Fire Spell on Melee Hit,Fire Spell on Melee Hit
Firebolt,ファイヤーボルト
Flail Strike,フレイルストライク
Flame Pillar,火柱
Flash Grenade,フラッシュグレネード
Forge Hammer,フォージハンマー
Fortifying Cry,フォティファイイングクライ
Fragmentation Rounds,フラグメンテーション弾
Freezing Explosion,Freezing Explosion
Freezing Mark,凍結の呪印
Freezing Nova,Freezing Nova
Freezing Salvo,フリージングサルヴォ
Freezing Shards,フリージングシャード
Freezing Word,Freezing Word
Frost Darts,フロストダーツ
Frozen Locus,フローズンローカス
Fulminating Concoction,フォーミネイティングコンコクション
Fulmination,フルミネーション
Furious Slam,フューリアススラム
Future-Past,時の交差
Gale Force,Gale Force
Galvanic Shards,ガルヴァニックシャード
Gas Arrow,ガスアロー
Gas Grenade,ガスグレネード
Gathering Storm,ギャザリングストーム
Gemini Surge,ジェミニサージ
Generosity,Generosity
Ghost Dance,ゴーストダンス
Glacial Bolt,グレイシャルボルト
Glacial Lance,グレイシャルランス
Grim Feast,グリムフィースト
Grim Resurrection,Grim Resurrection
Grisly Pyre,Grisly Pyre
Haemocrystals,血の結晶
Hailstorm Rounds,ヘイルストーム弾
Hammer of the Gods,ハンマーオブゴッド
Hand of Chayula,チャユラの手
Heart of Ice,ハートオブアイス
Herald of Plague,ヘラルドオブプレイグ
High Velocity Rounds,ハイベロシティー弾
His Dark Horizon,ヒズダークホライゾン
His Foul Emergence,ヒズフォウルエマージェンス
His Grave Command,ヒズグレーブコマンド
His Scattering Calamity,ヒズスキャタリングカラミティ
His Vile Intrusion,ヒズヴァイルイントリュージョン
His Winnowing Flame,ヒズウィノーイングフレイム
Hydra Familiar,ヒドラ使い魔
Hypothermia,ハイポサーミア
Ice Armour,Ice Armour
Ice Bomb,Ice Bomb
Ice Fragments,アイスフラグメント
Ice Shard,Ice Shard
Ice Shards,アイスシャード
Ice Strike,アイスストライク
Ice-Tipped Arrows,アイストリップアロー
Impale,串刺し
Impurity,インピュリティ
Incendiary Shot,インセンディアリ―ショット
Incendiary Siege Cascade,Incendiary Siege Cascade
Incendiary Siege Cascade Ammo,Incendiary Siege Cascade Ammo
Inevitable Agony,インエビタブルアゴニー
Into the Breach,ブリーチ侵入
Iron Ward,アイアンワード
Killing Palm,キリングパーム
Life Remnants,ライフレムナント
Lightless Stalker,Lightless Stalker
Lightning Rod,ライトニングロッド
Lightning Spear,ライトニングスピア
Lightning Storm,Lightning Storm
Lingering Illusion,リンガーリングイリュージョン
Living Bolt,Living Bolt
Living Bomb,リビングボム
Living Lightning,リビングライトニング
Load Armour Piercing Rounds,Load Armour Piercing Rounds
Load Explosive Shot,Load Explosive Shot
Load Fragmentation Rounds,Load Fragmentation Rounds
Load Galvanic Shards,Load Galvanic Shards
Load Glacial Bolt,Load Glacial Bolt
Load Hailstorm Rounds,Load Hailstorm Rounds
Load High Velocity Rounds,Load High Velocity Rounds
Load Ice Shards,Load Ice Shards
Load Incendiary Shot,Load Incendiary Shot
Load Permafrost Bolts,Load Permafrost Bolts
Load Plasma Blast,Load Plasma Blast
Load Rapid Shot,Load Rapid Shot
Load Shockburst Rounds,Load Shockburst Rounds
Load Siege Cascade,Load Siege Cascade
Load Stormblast Bolts,Load Stormblast Bolts
Mace Strike,メイスストライク
Magma Barrier,マグマバリアー
Magma Spray,Magma Spray
Magnetic Salvo,マグネティックサルヴォ
Malice,マリス
Mana Drain,マナドレイン
Mana Flare,マナフレア
Mana Remnants,マナレムナント
Mana Tempest,マナテンペスト
Manifest Weapon,マニフェストウェポン
Mantra of Destruction,マントラオブデストラクション
Mark as prey,Mark as prey
Maul,モール
Meditate,メディテート
Mirage Archer,ミラージュアーチャー
Molten Blast,モルテンブラスト
Mortar Cannon,モルタルキャノン
Oil Grenade,オイルグレネード
Overwhelming Presence,オーバーウェルミングプレゼンス
Pain Offering,ペインオファリング
Parry,パリィ
Perfect Strike,パーフェクトストライク
Permafrost Bolts,パーマフロストボルト
Phantasmal Arrow,ファンタズマルアロー
Pinnacle of Power,ピナクルオブパワー
Plague Burst,Plague Burst
Plasma Blast,プラズマブラスト
Poisonburst Arrow,ポイズンバーストアロー
Power Shot,Power Shot
Primal Strikes,プライマルストライク
Profane Ritual,プロファンリチュアル
Projectile,Projectile
Punch,パンチ
Quarterstaff Strike,クォータースタッフストライク
Quill Burst,クイルバースト
Raging Spirits,レイジングスピリット
Raise Shield,レイズシールド
Rake,レーキ
Rampage,ランページ
Rapid Assault,ラピッドアサルト
Rapid Shot,ラピッドショット
Ravenous Swarm,ラヴェナススウォーム
Reaper's Invocation,リーパーズインボケーション
Requiem,レクイエム
Resonating Shield,レゾーネーティングシールド
Resonating Slam,Resonating Slam
Revive Skeleton,Revive Skeleton
Rhoa Mount,ロア騎乗
Ritual Sacrifice,リチュアルサクリファイス
Rolling Slam,ローリングスラム
Runic Tempering,ルーニックテンパリング
Sacrifice,サクリファイス
Scavenged Plating,スカベンジドプレーティング
Scorching Cleave,Scorching Cleave
Set Shark Bait,Set Shark Bait
Shard Scavenger,シャードスカベンジャー
Shattering Concoction,シャッタリングコンコクション
Shattering Palm,シャタリングパーム
Shattering Roar,Shattering Roar
Shield Wall,シールドウォール
Shield Wave,Shield Wave
Shockburst Rounds,ショックバースト弾
Shockchain Arrow,ショックチェインアロー
Shockwave Slam,Shockwave Slam
Siege Cascade,シージカスケード
Siphon Elements,サイフォンエレメント
Siphoning Strike,サイフォンストライク
Skeletal Arsonist Minion,Skeletal Arsonist Minion
Skeletal Brute Minion,Skeletal Brute Minion
Skeletal Cleric Minion,Skeletal Cleric Minion
Skeletal Frost Mage Minion,Skeletal Frost Mage Minion
Skeletal Reaver Minion,Skeletal Reaver Minion
Skeletal Sniper Minion,Skeletal Sniper Minion
Skeletal Storm Mage Minion,Skeletal Storm Mage Minion
Skeletal Warrior Minion,Skeletal Warrior Minion
Skittering Stone,Skittering Stone
Snap,スナップ
Solar Orb,ソーラーオーブ
Sorcery Ward,ソーサリーワード
Soul Offering,ソウルオファリング
Soulbreaker,ソウルブレーカー
Spear of Solaris,スピアオブソラリス
Spear Stab,スピアスタブ
Spear Throw,スピアスロー
Spearfield,スピアフィールド
Spectre: {0} ,スペクター: {0}
Spinning Inferno,スピニングインフェルノ
Spiral Volley,スパイラルボレー
Staggering Palm,スタッガリングパーム
Stampede,スタンピード
Stomping Ground Shockwave,Stomping Ground Shockwave
Storm Lance,ストームランス
Storm Wave,ストームウェーブ
Stormblast Bolts,ストームブラストボルト
Stormcaller Arrow,ストームコーラーアロー
Summon Ballista Totem,Summon Ballista Totem
Summon Companion,コンパニオン召喚
Summon Demon Magus,Summon Demon Magus
Summon Infernal Hound,インファーナルハウンド召喚
Summon Spell Totem,Summon Spell Totem
Summon Wolf,Summon Wolf
Supercharged Slam,スーパーチャージドスラム
Supporting Fire,サポーティングファイヤー
Sword Slash,ソードスラッシュ
Tame Beast,テイムビースト
Tawhoa's Vengeance,Tawhoa's Vengeance
Temper Weapon,テンパーウェポン
Tempest Bell,テンペストベル
Tempest Flurry,テンペストフラリィ
Thundergod's Wrath,雷神の怒り
Thunderous Leap,サンダラスリープ
Time Freeze,タイムフリーズ
Time of Need,タイムオブニード
Time Snap,タイムスナップ
Toggle Mount Minion,Toggle Mount Minion
Toxic Domain,トキシックドメイン
Toxic Growth,トキシックグロース
Trail of Caltrops,トレイルオブカルトロップ
Triggered Caustic Cloud,Triggered Caustic Cloud
Trinity,トリニティ
Unbound Avatar,アンバウンドアバター
Unleash,アンリーシュ
Valako's Charge,ヴァラコチャージ
Vaulting Impact,ヴォルティングインパクト
Vile Effusion,Vile Effusion
Vine Arrow,ヴァインアロー
Void Illusion,ヴォイドイリュージョン
Volcanic Eruption,ボルカニックエラプション
Volcanic Steps,Volcanic Steps
Volcano,ボルケーノ
Voltaic Grenade,ヴォルタイークグレネード
Voltaic Mark,電流の呪印
Voltaic Nova,Voltaic Nova
Wave of Frost,ウェーブオブフロスト
Whirling Assault,ワーリングアサルト
Whirling Slash,ワーリングスラッシュ
Whirlwind Lance,ワールウィンドランス
Whirlwind Spear,Whirlwind Spear
Wind Blast,ウィンドブラスト
Wind Dancer,ウィンドダンサー
Wind Serpent's Fury,ウィンドサーペントの怒り
Wind Wave,ウィンドウェーブ
Withering Presence,ウィザリングプレゼンス
Assume Disguise,Assume Disguise
Autoexertion,奮起自動化
Bladefall of Trarthus,トラーサスのブレードフォール
Blast Rain of Trarthus,トラーサスのブラストレイン
Chain Hook of Trarthus,トラーサスのチェーンフック
Crushing Fist,クラッシングフィスト
Dark Pact of Trarthus,トラーサスのダークパクト
Divine Retribution,ディヴァインリトリビューション
Eviscerate,イヴィセレイト
Fury of the Awakener,Fury of the Awakener
Glacial Shield Swipe,グレイシャルシールドスワイプ
Heavy Strike of Trarthus,トラーサスのヘビーストライク
Ignition Blast,Ignition Blast
Jet of Flame,Jet of Flame
Memory of Desire,Memory of Desire
Memory of Disbelief,Memory of Disbelief
Memory of Familiarity,Memory of Familiarity
Memory of Impatience,Memory of Impatience
Memory of Impulsiveness,Memory of Impulsiveness
Memory of Mocking,Memory of Mocking
Memory of Panic,Memory of Panic
Memory of Suspicion,Memory of Suspicion
Order: To me!,命令：来い！
Puncture of Shanking,刃物のパンクチャー
Shaper's Despair,Shaper's Despair
Shaper's Devastation,Shaper's Devastation
Shaper's Ire,Shaper's Ire
Siege Ballista of Trarthus,トラーサスのシージバリスタ
Spectral Helix of Trarthus,トラーサスのスペクトラルヘリックス
Spectral Shield Throw of Trarthus,トラーサスのスペクトラルシールドスロー
Spectral Throw of Trarthus,トラーサスのスペクトラルスロー
Starfall,Starfall
Storm Call of Trarthus,トラーサスのストームコール
Summon Shaper Memory,Summon Shaper Memory
Summon Skeletons of Archers,弓使いのスケルトン召喚
Summon Skeletons of Mages,魔術師のスケルトン召喚
Summon Visiting Harbinger of Focus,Summon Visiting Harbinger of Focus
Summon Visiting Harbinger of the Arcane,Summon Visiting Harbinger of the Arcane
Summon Visiting Harbinger of Time,Summon Visiting Harbinger of Time
Summon Void Spawn,Summon Void Spawn
Sunder of Trarthus,トラーサスのサンダー
Swordstorm,ソードストーム
Vengeful Cry,ヴェンジフルクライ
Wave of Conviction of Trarthus,トラーサスのウェーブオブコンビクション
Arm Whack,Arm Whack
Call the Pyre,コールザパイア
Command Graft,Command Graft
Conflagration,コンフラグレーション
Dance in the White,ダンスインザホワイト
Enervating Grasp,エナーヴェイティンググラスプ
Falling Crystals,ファオーリングクリスタル
Glowing Silhouette,グローイングシルエット
Heart of Flame,炎の心
Herald of the Hive,Herald of the Hive
His Burning Message,ヒズバーニングメッセージ
Icicles,Icicles
Kinetic Anomaly,Kinetic Anomaly
Kinetic Flux,Kinetic Flux
Kinetic Fusillade,キネティックフューシレイド
Kinetic Rain,キネティックレイン
Kinetic Rain of Impact,着弾のキネティックレイン
Living Lightning Zap,Living Lightning Zap
Misty Reflection,Misty Reflection
Overcharged Sinews,オーバーチャージドシニュー
Preserving Stillness,プリザービングスティルネス
Return to Dust,リターントゥダスト
Seize the Flesh,シーズザフレッシュ
Somatic Shell,ソマティックシェル
Summon Living Lightning,Summon Living Lightning
Summon Spectral Tiger,Summon Spectral Tiger
Tender Embrace,テンダーエンブレイス
The Great Avalanche,グレートアバランチ
The Grey Wind Howls,グレイウィンドハウル
Thunderburst,Thunderburst
Thunderstorm,サンダーストーム
Violent Desire,バイオレントデザイア
Wall of Force,ウォールオブフォース
Ward Shatter,Ward Shatter
Will of the Lords,Will of the Lords
Windburst,Windburst
Wreathed in Light,リースドインザライト
Accelerated Growth,成長の加速
Align Fate,運命の調和
Annihilation,壊滅
Apocalypse,アポカリプス
Arctic Howl,アークティックハウル
Briarpatch,ブライアパッチ
Cackling Companions,ハイエナコンパニオン
Catalysing Discharge,Catalysing Discharge
Coursing Current,雷の奔流
Crash Lightning,Crash Lightning
Creeping Chill,クリーピングチル
Cross Slash,クロススラッシュ
Deadly Resolve,決死の覚悟
Devour,デバウアー
Electromagnetism,エレクトロマグネティズム
Empowered Sparks,Empowered Sparks
Entangle,エンタングル
Eternal Rage,エターナルレイジ
Fan the Flames,火に油を注げ
Feral Invocation,フェラルインヴォケーション
Fiery Reclamation,Fiery Reclamation
Fury of the Mountain,フューリーオブザマウンテン
Hailstorm,Hailstorm
Kelari's Brutality,Kelari's Brutality
Kelari's Deception,ケラリの欺き
Kelari's Judgment,ケラリの裁き
Kelari's Malediction,ケラリの呪詛
"Kelari, the Tainted Sands",汚染された砂、ケラリ
Lunar Assault,ルナーアサルト
Lunar Blessing,ルナーブレッシング
Meteor,Meteor
Meteors,Meteors
Mirage Deadeye,ミラージュデッドアイ
Mirror of Refraction,屈折の鏡
Molten Crash,モルテンクラッシュ
Moment of Vulnerability,無防備の瞬間
Moonbeam,Moonbeam
Navira's Calming,Navira's Calming
Navira's Embrace,Navira's Embrace
Navira's Fracturing,ナヴィラの破砕
Navira's Oasis,ナヴィラのオアシス
Navira's Well,ナヴィラの井戸
"Navira, the Last Mirage",最期の蜃気楼、ナヴィラ
Oil Barrage,オイルバラージ
Poison Spores,毒胞子
Pounce,パウンス
Predator's Mark,Predator's Mark
Primal Avatar,プライマルアバター
Rend,レンド
Ruzhan's Brand,Ruzhan's Brand
Ruzhan's Fury,ルザンの怒り
Ruzhan's Reckoning,ルザンの清算
Ruzhan's Trap,ルザンの罠
Ruzhan's Zealotry,Ruzhan's Zealotry
"Ruzhan, the Blazing Sword",灼熱の剣、ルザン
Sandblast,Sandblast
Savage Fury,サベージフューリー
Shattering Spite,シャタリングスパイト
Shred,シュレッド
Spell Totem,スペルトーテム
Static Shocks,スタティックショック
Thrashing Vines,スラッシングヴァイン
Walking Calamity,ウォーキングカラミティ
Wing Blast,ウィングブラスト
Wolf Pack,ウルフパック
Blazing Glare,Blazing Glare
Bursting Toad,Bursting Toad
Caustic Retribution,Caustic Retribution
Ceaseless Flesh,Ceaseless Flesh
Charged Dash of Projection,投影のチャージドダッシュ
Cinders,Cinders
Creeping Frost of Floes,流氷のクリーピングフロスト
Divine Blast,ディバインブラスト
Fissure,Fissure
Flamethrower Trap of Stability,安定性のフレイムスロワートラップ
Foulgrasp,Foulgrasp
Frost Wall of Encroachment,圧迫のフロストウォール
Holy Hammers,ホーリーハンマー
Holy Strike,ホーリーストライク
Holy Sweep,ホーリースウィープ
Kinetic Fusillade of Detonation,起爆のキネティックフューシレイド
Mesmerize,Mesmerize
Orb of Storms of Squalls,スコールのオーブオブストーム
Return to Mirage Portal,Return to Mirage Portal
Rings of Light,Rings of Light
Searing Bond of Detonation,起爆のシーリングボンド
Shield of Light,シールドオブライト
Shock Nova of Procession,行進のショックノヴァ
Shockwave Totem of Authority,権威のショックウェーブトーテム
Siphoning Trap of Pain,苦痛のサイフォニングトラップ
Static Strike of Gathering Lightning,雷集めのスタティックストライク
Storm Burst of Repulsion,反発のストームバースト
Summon Hiveborn,Summon Hiveborn
Suspend in Time,Suspend in Time
Tears of Rot,Tears of Rot
Void Shockwave,Void Shockwave
Voidstorm,Voidstorm
