Raised Zombie,Raised Zombie
Chaos Golem,Chaos Golem
Flame Golem,Flame Golem
Ice Golem,Ice Golem
Lightning Golem,Lightning Golem
Stone Golem,Stone Golem
Raging Spirit,Raging Spirit
Essence Spirit,Essence Spirit
Spectral Wolf Companion,Spectral Wolf Companion
Summoned Skeleton,Summoned Skeleton
Summoned Skeleton Caster,Summoned Skeleton Caster
Summoned Skeleton Archer,Summoned Skeleton Archer
Clone,Clone
Spider Minion,Spider Minion
Animated Weapon,Animated Weapon
Animated Guardian,Animated Guardian
Grave Spirit,Grave Spirit
Dancing Dervish,Dancing Dervish
Summoned Phantasm,Summoned Phantasm
Agony Crawler,Agony Crawler
Sentinel of Purity,Sentinel of Purity
Holy Relic,Holy Relic
Sentinel of Dominance,Sentinel of Dominance
Summoned Rhoa,Summoned Rhoa
Summoned Cobra,Summoned Cobra
Summoned Ursa,Summoned Ursa
Carrion Golem,Carrion Golem
