Tattoo of the Arohongui Makanga,アロホングイのマカンガのタトゥー
Tattoo of the Arohongui Moonwarden,アロホングイの月の監視者のタトゥー
Tattoo of the Arohongui Scout,アロホングイの偵察者のタトゥー
Tattoo of the Arohongui Shaman,アロホングイのシャーマンのタトゥー
Tattoo of the Arohongui Warmonger,アロホングイのウォーモンガーのタトゥー
Tattoo of the Arohongui Warrior,アロホングイの戦士のタトゥー
Tattoo of the Hinekora Deathwarden,ヒネコラの死の番人のタトゥー
Tattoo of the Hinekora Makanga,ヒネコラのマカンガのタトゥー
Tattoo of the Hinekora Shaman,ヒネコラのシャーマンのタトゥー
Tattoo of the Hinekora Storyteller,ヒネコラの語り部のタトゥー
Tattoo of the Hinekora Warmonger,ヒネコラのウォーモンガーのタトゥー
Tattoo of the Hinekora Warrior,ヒネコラの戦士のタトゥー
Tattoo of the Kitava Blood Drinker,キタヴァの血飲みのタトゥー
Tattoo of the Kitava Heart Eater,キタヴァの心臓喰らいのタトゥー
Tattoo of the Kitava Makanga,キタヴァのマカンガのタトゥー
Tattoo of the Kitava Rebel,キタヴァの反逆者のタトゥー
Tattoo of the Kitava Shaman,キタヴァのシャーマンのタトゥー
Tattoo of the Kitava Warrior,キタヴァの戦士のタトゥー
Tattoo of the Ngamahu Firewalker,ナマフの火歩きのタトゥー
Tattoo of the Ngamahu Makanga,ナマフのマカンガのタトゥー
Tattoo of the Ngamahu Shaman,ナマフのシャーマンのタトゥー
Tattoo of the Ngamahu Warmonger,ナマフのウォーモンガーのタトゥー
Tattoo of the Ngamahu Warrior,ナマフの戦士のタトゥー
Tattoo of the Ngamahu Woodcarver,ナマフの木彫り師のタトゥー
Tattoo of the Ramako Archer,ラマコの射手のタトゥー
Tattoo of the Ramako Fleetfoot,ラマコの俊足のタトゥー
Tattoo of the Ramako Makanga,ラマコのマカンガのタトゥー
Tattoo of the Ramako Scout,ラマコの偵察者のタトゥー
Tattoo of the Ramako Shaman,ラマコのシャーマンのタトゥー
Tattoo of the Ramako Sniper,ラマコの狙撃手のタトゥー
Tattoo of the Rongokurai Brute,ロンゴクライの蛮人のタトゥー
Tattoo of the Rongokurai Goliath,ロンゴクライのゴライアスのタトゥー
Tattoo of the Rongokurai Guard,ロンゴクライの衛兵のタトゥー
Tattoo of the Rongokurai Makanga,ロンゴクライのマカンガのタトゥー
Tattoo of the Rongokurai Turtle,ロンゴクライの亀のタトゥー
Tattoo of the Rongokurai Warrior,ロンゴクライの戦士のタトゥー
Tattoo of the Tasalio Bladedancer,タサリオのブレードダンサーのタトゥー
Tattoo of the Tasalio Makanga,タサリオのマカンガのタトゥー
Tattoo of the Tasalio Scout,タサリオの偵察者のタトゥー
Tattoo of the Tasalio Shaman,タサリオのシャーマンのタトゥー
Tattoo of the Tasalio Tideshifter,タサリオのタイドシフターのタトゥー
Tattoo of the Tasalio Warrior,タサリオの戦士のタトゥー
Tattoo of the Tawhoa Herbalist,タウホアの薬草師のタトゥー
Tattoo of the Tawhoa Makanga,タウホアのマカンガのタトゥー
Tattoo of the Tawhoa Naturalist,タウホアの自然主義者のタトゥー
Tattoo of the Tawhoa Scout,タウホアの偵察者のタトゥー
Tattoo of the Tawhoa Shaman,タウホアシャーマンのタトゥー
Tattoo of the Tawhoa Warrior,タウホアの戦士のタトゥー
Tattoo of the Tukohama Brawler,トゥコハマの喧嘩屋のタトゥー
Tattoo of the Tukohama Makanga,トゥコハマのマカンガのタトゥー
Tattoo of the Tukohama Shaman,トゥコハマのシャーマンのタトゥー
Tattoo of the Tukohama Warcaller,トゥコハマのウォーコーラーのタトゥー
Tattoo of the Tukohama Warmonger,トゥコハマのウォーモンガーのタトゥー
Tattoo of the Tukohama Warrior,トゥコハマの戦士のタトゥー
Tattoo of the Valako Makanga,ヴァラコのマカンガのタトゥー
Tattoo of the Valako Scout,ヴァラコの偵察者のタトゥー
Tattoo of the Valako Shaman,ヴァラコのシャーマンのタトゥー
Tattoo of the Valako Shieldbearer,ヴァラコのシールドベアラーのタトゥー
Tattoo of the Valako Stormrider,ヴァラコのストームライダーのタトゥー
Tattoo of the Valako Warrior,ヴァラコの戦士のタトゥー
